{"map_size":8,"obstacles":[[[-3.1259418729817003,2.493003229278794],[-3.306781485468247,-0.3315392895586651],[-1.713670613562971,-0.19375672766415497],[0.33584499461786876,1.2271259418729816],[1.610333692142088,3.0096878363832076],[-1.7911733046286333,3.2077502691065662]],[[-2.7987082884822385,-2.751345532831001],[-2.3595263724434874,-3.8019375672766413],[-0.017222820236813777,-3.5349838536060276],[-1.1797631862217437,-2.8374596340150697],[-1.7997847147470396,-1.347685683530678],[-2.385360602798708,-1.7954790096878361]],[[-1.1280947255113023,-1.192680301399354],[-0.9730893433799784,-1.7093649085037674],[3.1345532831001073,-0.9257265877287405],[3.5048439181916033,2.182992465016146],[2.4456404736275563,2.372443487621098],[1.2486544671689987,0.30570505920344454]],[[2.2992465016146393,-1.3132400430570506],[3.324004305705059,-0.8568353067814853],[3.2895586652314313,-3.11302475780409],[1.2400430570505918,-3.0958019375672765],[0.4219590958019375,-2.7599569429494077],[0.5683530678148546,-2.260495156081808],[1.4122712594187297,-2.1485468245425188],[2.2561894510226046,-1.9935414424111946]]],"robot":{"position":[-3.384284176533907,-2.058127018299246],"angle":73.53586970315786},"waypoints":[[-3.255113024757804,-1.6749192680301397],[-2.71259418729817,-0.968783638320775],[-0.9730893433799784,-0.6329386437029063],[2.4800861141011836,3.2335844994617866],[3.780409041980624,2.493003229278794],[3.565123789020452,-3.4574811625403656],[2.2992465016146393,-3.7158234660925724],[0.9386437029063508,-3.6727664155005377],[-0.25834230355220666,-2.889128094725511],[-0.48223896663078575,-2.165769644779332],[0.24111948331539287,-1.890204520990312],[1.705059203444564,-1.6060279870828846]]}